{"cameraMode":{"drawMode":0,"name":"Shaded","section":"Shading Mode"},"sceneLighting":true,"audioPlay":false,"sceneViewState":{"showFog":true,"showMaterialUpdate":true,"showSkybox":true,"showFlares":true,"showImageEffects":true,"showParticleSystems":true},"in2DMode":false,"pivot":{"x":19.770984649658204,"y":1.4521427154541016,"z":-15.270463943481446},"rotation":{"x":-0.2919257879257202,"y":0.6087145209312439,"z":-0.255717933177948,"w":-0.6925262212753296},"size":8.858285903930664,"orthographic":false}