{"cameraMode":{"drawMode":0,"name":"Shaded","section":"Shading Mode"},"sceneLighting":true,"audioPlay":false,"sceneViewState":{"showFog":true,"showMaterialUpdate":true,"showSkybox":true,"showFlares":true,"showImageEffects":true,"showParticleSystems":true},"in2DMode":false,"pivot":{"x":15.942726135253907,"y":1.452964186668396,"z":14.6580171585083},"rotation":{"x":-0.10994550585746765,"y":-0.1739141047000885,"z":0.019535398110747339,"w":-0.9784353971481323},"size":2.6756808757781984,"orthographic":false}