{"cameraMode":{"drawMode":0,"name":"Shaded","section":"Shading Mode"},"sceneLighting":false,"audioPlay":false,"sceneViewState":{"showFog":true,"showMaterialUpdate":true,"showSkybox":true,"showFlares":true,"showImageEffects":true,"showParticleSystems":true},"in2DMode":false,"pivot":{"x":-8.615796089172364,"y":4.754786968231201,"z":-28.899127960205079},"rotation":{"x":0.22643259167671204,"y":-0.7716317772865295,"z":0.38799649477005007,"w":0.45035502314567568},"size":17.67730712890625,"orthographic":false}