{"cameraMode":{"drawMode":0,"name":"Shaded","section":"Shading Mode"},"sceneLighting":true,"audioPlay":false,"sceneViewState":{"showFog":true,"showMaterialUpdate":true,"showSkybox":true,"showFlares":true,"showImageEffects":true,"showParticleSystems":true},"in2DMode":false,"pivot":{"x":9.112388610839844,"y":10.052815437316895,"z":-6.642904758453369},"rotation":{"x":0.24741367995738984,"y":-0.1976483315229416,"z":-0.05227867141366005,"w":-0.947297990322113},"size":3.0949783325195314,"orthographic":false}