{"cameraMode":{"drawMode":0,"name":"Shaded","section":"Shading Mode"},"sceneLighting":false,"audioPlay":false,"sceneViewState":{"showFog":true,"showMaterialUpdate":true,"showSkybox":true,"showFlares":true,"showImageEffects":true,"showParticleSystems":true},"in2DMode":false,"pivot":{"x":9.644876480102539,"y":-4.133262634277344,"z":-5.9551897048950199},"rotation":{"x":0.09637508541345597,"y":-0.8624537587165833,"z":0.46623891592025759,"w":0.17486846446990968},"size":16.550844192504884,"orthographic":false}