{"cameraMode":{"drawMode":0,"name":"Shaded","section":"Shading Mode"},"sceneLighting":false,"audioPlay":false,"sceneViewState":{"showFog":true,"showMaterialUpdate":true,"showSkybox":true,"showFlares":true,"showImageEffects":true,"showParticleSystems":true},"in2DMode":false,"pivot":{"x":36.91938781738281,"y":3.7967278957366945,"z":-34.097599029541019},"rotation":{"x":-0.002212140941992402,"y":0.9977872371673584,"z":-0.04943139851093292,"w":-0.0449298620223999},"size":3.455875873565674,"orthographic":false}