{"cameraMode":{"drawMode":0,"name":"Shaded","section":"Shading Mode"},"sceneLighting":true,"audioPlay":false,"sceneViewState":{"showFog":true,"showMaterialUpdate":true,"showSkybox":true,"showFlares":true,"showImageEffects":true,"showParticleSystems":true},"in2DMode":false,"pivot":{"x":19.19982147216797,"y":3.416518211364746,"z":-13.644351959228516},"rotation":{"x":-0.1057177260518074,"y":-0.7192645072937012,"z":0.11312370002269745,"w":-0.677794873714447},"size":1.205160140991211,"orthographic":false}