{"cameraMode":{"drawMode":0,"name":"Shaded","section":"Shading Mode"},"sceneLighting":false,"audioPlay":false,"sceneViewState":{"showFog":true,"showMaterialUpdate":true,"showSkybox":true,"showFlares":true,"showImageEffects":true,"showParticleSystems":true},"in2DMode":false,"pivot":{"x":11.492415428161621,"y":5.106356620788574,"z":5.278660297393799},"rotation":{"x":0.02171659655869007,"y":-0.9758408665657044,"z":0.19263000786304475,"w":0.10460665076971054},"size":1.290363073348999,"orthographic":false}