{"cameraMode":{"drawMode":0,"name":"Shaded","section":"Shading Mode"},"sceneLighting":true,"audioPlay":false,"sceneViewState":{"showFog":true,"showMaterialUpdate":true,"showSkybox":true,"showFlares":true,"showImageEffects":true,"showParticleSystems":true},"in2DMode":false,"pivot":{"x":5.971473693847656,"y":-0.45996856689453127,"z":4.018518447875977},"rotation":{"x":0.03229650482535362,"y":0.05558259040117264,"z":-0.002774155931547284,"w":0.9983193874359131},"size":21.651973724365236,"orthographic":false}