{"cameraMode":{"drawMode":0,"name":"Shaded","section":"Shading Mode"},"sceneLighting":false,"audioPlay":false,"sceneViewState":{"showFog":true,"showMaterialUpdate":true,"showSkybox":true,"showFlares":true,"showImageEffects":true,"showParticleSystems":true},"in2DMode":false,"pivot":{"x":982.072021484375,"y":758.5122680664063,"z":123.42472076416016},"rotation":{"x":0.0023944489657878877,"y":-0.06296059489250183,"z":0.0001387056108796969,"w":0.9980332851409912},"size":942.818115234375,"orthographic":false}