{"cameraMode":{"drawMode":0,"name":"Shaded","section":"Shading Mode"},"sceneLighting":false,"audioPlay":false,"sceneViewState":{"showFog":true,"showMaterialUpdate":true,"showSkybox":true,"showFlares":true,"showImageEffects":true,"showParticleSystems":true},"in2DMode":false,"pivot":{"x":10.823030471801758,"y":6.912091255187988,"z":-14.729135513305664},"rotation":{"x":0.009892059490084648,"y":-0.9872221350669861,"z":0.06823790818452835,"w":0.14437943696975709},"size":5.159083366394043,"orthographic":false}