{"cameraMode":{"drawMode":0,"name":"Shaded","section":"Shading Mode"},"sceneLighting":true,"audioPlay":false,"sceneViewState":{"showFog":false,"showMaterialUpdate":false,"showSkybox":false,"showFlares":false,"showImageEffects":false,"showParticleSystems":false},"in2DMode":false,"pivot":{"x":-9.775615692138672,"y":-4.894248962402344,"z":-8.917421340942383},"rotation":{"x":0.1230563074350357,"y":-0.8340988159179688,"z":0.20851227641105653,"w":0.4960247576236725},"size":25.357343673706056,"orthographic":false}