{"cameraMode":{"drawMode":0,"name":"Shaded","section":"Shading Mode"},"sceneLighting":true,"audioPlay":false,"sceneViewState":{"showFog":true,"showMaterialUpdate":true,"showSkybox":true,"showFlares":true,"showImageEffects":true,"showParticleSystems":true},"in2DMode":false,"pivot":{"x":17.467689514160158,"y":0.578125,"z":1.3062915802001954},"rotation":{"x":0.26715922355651858,"y":-0.5286843776702881,"z":0.1798466295003891,"w":0.7853506207466126},"size":14.424088478088379,"orthographic":false}