{"cameraMode":{"drawMode":0,"name":"Shaded","section":"Shading Mode"},"sceneLighting":false,"audioPlay":false,"sceneViewState":{"showFog":true,"showMaterialUpdate":true,"showSkybox":true,"showFlares":true,"showImageEffects":true,"showParticleSystems":true},"in2DMode":false,"pivot":{"x":-2.7727832794189455,"y":-0.9541816711425781,"z":-5.494482517242432},"rotation":{"x":0.11510375887155533,"y":-0.8717508316040039,"z":0.24759896099567414,"w":0.40819963812828066},"size":12.154958724975586,"orthographic":false}