{"cameraMode":{"drawMode":0,"name":"Shaded","section":"Shading Mode"},"sceneLighting":true,"audioPlay":false,"sceneViewState":{"showFog":false,"showMaterialUpdate":false,"showSkybox":false,"showFlares":false,"showImageEffects":false,"showParticleSystems":false},"in2DMode":false,"pivot":{"x":13.356443405151368,"y":3.174755096435547,"z":-1.5370464324951172},"rotation":{"x":0.17170321941375733,"y":-0.8200131058692932,"z":0.31711965799331667,"w":0.44464734196662905},"size":10.952191352844239,"orthographic":false}