{"cameraMode":{"drawMode":0,"name":"Shaded","section":"Shading Mode"},"sceneLighting":false,"audioPlay":false,"sceneViewState":{"showFog":true,"showMaterialUpdate":true,"showSkybox":true,"showFlares":true,"showImageEffects":true,"showParticleSystems":true},"in2DMode":false,"pivot":{"x":-22.380430221557618,"y":2.0683867931365969,"z":-7.561561584472656},"rotation":{"x":-0.03860912844538689,"y":-0.6220524907112122,"z":0.03078940510749817,"w":-0.7815412282943726},"size":1.5123724937438965,"orthographic":false}