{"cameraMode":{"drawMode":0,"name":"Shaded","section":"Shading Mode"},"sceneLighting":true,"audioPlay":false,"sceneViewState":{"showFog":true,"showMaterialUpdate":true,"showSkybox":true,"showFlares":true,"showImageEffects":true,"showParticleSystems":true},"in2DMode":false,"pivot":{"x":25.944271087646486,"y":5.938697814941406,"z":-6.2291717529296879},"rotation":{"x":-0.2335304617881775,"y":0.6152909994125366,"z":-0.19779755175113679,"w":-0.7265757918357849},"size":14.676989555358887,"orthographic":false}