{"cameraMode":{"drawMode":0,"name":"Shaded","section":"Shading Mode"},"sceneLighting":true,"audioPlay":false,"sceneViewState":{"showFog":true,"showMaterialUpdate":true,"showSkybox":true,"showFlares":true,"showImageEffects":true,"showParticleSystems":true},"in2DMode":false,"pivot":{"x":6.693031311035156,"y":4.989152431488037,"z":-8.609323501586914},"rotation":{"x":-0.027971968054771425,"y":0.9115145206451416,"z":-0.06076371669769287,"w":-0.4071095883846283},"size":2.2525129318237306,"orthographic":false}