{"cameraMode":{"drawMode":0,"name":"Shaded","section":"Shading Mode"},"sceneLighting":true,"audioPlay":false,"sceneViewState":{"showFog":true,"showMaterialUpdate":true,"showSkybox":true,"showFlares":true,"showImageEffects":true,"showParticleSystems":true},"in2DMode":false,"pivot":{"x":-1.047473430633545,"y":6.709777355194092,"z":1.5613269805908204},"rotation":{"x":-0.42266935110092165,"y":0.24915461242198945,"z":-0.13559605181217194,"w":-0.8627329468727112},"size":2.6129329204559328,"orthographic":false}