{"cameraMode":{"drawMode":0,"name":"Shaded","section":"Shading Mode"},"sceneLighting":true,"audioPlay":false,"sceneViewState":{"showFog":false,"showMaterialUpdate":false,"showSkybox":false,"showFlares":false,"showImageEffects":false,"showParticleSystems":false},"in2DMode":false,"pivot":{"x":2.0848045349121095,"y":5.905725955963135,"z":-12.503467559814454},"rotation":{"x":0.26447242498397829,"y":0.10820730775594711,"z":-0.029925329610705377,"w":0.9578713178634644},"size":9.229134559631348,"orthographic":false}