{"cameraMode":{"drawMode":0,"name":"Shaded","section":"Shading Mode"},"sceneLighting":false,"audioPlay":false,"sceneViewState":{"showFog":true,"showMaterialUpdate":true,"showSkybox":true,"showFlares":true,"showImageEffects":true,"showParticleSystems":true},"in2DMode":false,"pivot":{"x":-22.707500457763673,"y":0.5071404576301575,"z":-6.989161968231201},"rotation":{"x":0.10025137662887573,"y":0.73316890001297,"z":-0.1107049286365509,"w":0.6635925769805908},"size":1.8123724460601807,"orthographic":false}