{"cameraMode":{"drawMode":0,"name":"Shaded","section":"Shading Mode"},"sceneLighting":true,"audioPlay":false,"sceneViewState":{"showFog":false,"showMaterialUpdate":false,"showSkybox":false,"showFlares":false,"showImageEffects":false,"showParticleSystems":false},"in2DMode":false,"pivot":{"x":10.71895980834961,"y":3.707958221435547,"z":-7.004476547241211},"rotation":{"x":0.1988854706287384,"y":0.36832016706466677,"z":-0.08000275492668152,"w":0.9049078822135925},"size":13.484038352966309,"orthographic":false}