{"cameraMode":{"drawMode":0,"name":"Shaded","section":"Shading Mode"},"sceneLighting":true,"audioPlay":false,"sceneViewState":{"showFog":false,"showMaterialUpdate":false,"showSkybox":false,"showFlares":false,"showImageEffects":false,"showParticleSystems":false},"in2DMode":false,"pivot":{"x":6.684863090515137,"y":3.2075862884521486,"z":-6.409092903137207},"rotation":{"x":-0.21517886221408845,"y":-0.34797579050064089,"z":0.08242318034172058,"w":-0.908818781375885},"size":11.874788284301758,"orthographic":false}