{"cameraMode":{"drawMode":0,"name":"Shaded","section":"Shading Mode"},"sceneLighting":true,"audioPlay":false,"sceneViewState":{"showFog":true,"showMaterialUpdate":true,"showSkybox":true,"showFlares":true,"showImageEffects":true,"showParticleSystems":true},"in2DMode":false,"pivot":{"x":-27.25352668762207,"y":0.7229175567626953,"z":3.483185291290283},"rotation":{"x":0.2227945774793625,"y":0.3550260365009308,"z":-0.0834999829530716,"w":0.9049612879753113},"size":0.6123724579811096,"orthographic":false}