{"cameraMode":{"drawMode":0,"name":"Shaded","section":"Shading Mode"},"sceneLighting":false,"audioPlay":false,"sceneViewState":{"showFog":true,"showMaterialUpdate":true,"showSkybox":true,"showFlares":true,"showImageEffects":true,"showParticleSystems":true},"in2DMode":false,"pivot":{"x":4.921032905578613,"y":1.1861915588378907,"z":-2.173013687133789},"rotation":{"x":0.2712564468383789,"y":0.7126637101173401,"z":-0.3640373647212982,"w":0.5356171131134033},"size":4.702384948730469,"orthographic":false}