{"cameraMode":{"drawMode":0,"name":"Shaded","section":"Shading Mode"},"sceneLighting":false,"audioPlay":false,"sceneViewState":{"showFog":true,"showMaterialUpdate":true,"showSkybox":true,"showFlares":true,"showImageEffects":true,"showParticleSystems":true},"in2DMode":false,"pivot":{"x":-0.11478805541992188,"y":-1.0439605712890626,"z":-0.9818846583366394},"rotation":{"x":-0.3804614245891571,"y":0.5835452675819397,"z":-0.3553623855113983,"w":-0.6234089136123657},"size":13.653433799743653,"orthographic":false}