{"cameraMode":{"drawMode":0,"name":"Shaded","section":"Shading Mode"},"sceneLighting":false,"audioPlay":false,"sceneViewState":{"showFog":true,"showMaterialUpdate":true,"showSkybox":true,"showFlares":true,"showImageEffects":true,"showParticleSystems":true},"in2DMode":false,"pivot":{"x":3.8720598220825197,"y":0.3277716636657715,"z":-5.895098686218262},"rotation":{"x":0.209346204996109,"y":0.34736406803131106,"z":-0.07861629128456116,"w":0.9112944602966309},"size":7.940244674682617,"orthographic":false}