{"cameraMode":{"drawMode":0,"name":"Shaded","section":"Shading Mode"},"sceneLighting":false,"audioPlay":false,"sceneViewState":{"showFog":true,"showMaterialUpdate":true,"showSkybox":true,"showFlares":true,"showImageEffects":true,"showParticleSystems":true},"in2DMode":false,"pivot":{"x":2.7474634647369386,"y":5.047101020812988,"z":-7.05694580078125},"rotation":{"x":-0.1120421513915062,"y":-0.4414640963077545,"z":0.055589139461517337,"w":-0.8885704874992371},"size":1.543877363204956,"orthographic":false}