{"cameraMode":{"drawMode":0,"name":"Shaded","section":"Shading Mode"},"sceneLighting":true,"audioPlay":false,"sceneViewState":{"showFog":true,"showMaterialUpdate":true,"showSkybox":true,"showFlares":true,"showImageEffects":true,"showParticleSystems":true},"in2DMode":false,"pivot":{"x":15.533172607421875,"y":5.208662033081055,"z":-14.898282051086426},"rotation":{"x":0.2022043913602829,"y":0.6983989477157593,"z":-0.21573050320148469,"w":0.6525551080703735},"size":2.4136581420898439,"orthographic":false}