{"cameraMode":{"drawMode":0,"name":"Shaded","section":"Shading Mode"},"sceneLighting":true,"audioPlay":false,"sceneViewState":{"showFog":true,"showMaterialUpdate":true,"showSkybox":true,"showFlares":true,"showImageEffects":true,"showParticleSystems":true},"in2DMode":false,"pivot":{"x":9.839902877807618,"y":4.384598731994629,"z":-17.84219741821289},"rotation":{"x":-0.12170588225126267,"y":0.8666179776191711,"z":-0.2572205066680908,"w":-0.4102232754230499},"size":7.191064834594727,"orthographic":false}