{"cameraMode":{"drawMode":0,"name":"Shaded","section":"Shading Mode"},"sceneLighting":true,"audioPlay":false,"sceneViewState":{"showFog":false,"showMaterialUpdate":false,"showSkybox":false,"showFlares":false,"showImageEffects":false,"showParticleSystems":false},"in2DMode":false,"pivot":{"x":6.772747993469238,"y":1.1921443939208985,"z":-1.9642972946166993},"rotation":{"x":0.13797107338905335,"y":-0.8612895607948303,"z":0.3256705403327942,"w":0.3649199306964874},"size":11.420412063598633,"orthographic":false}