{"cameraMode":{"drawMode":0,"name":"Shaded","section":"Shading Mode"},"sceneLighting":false,"audioPlay":false,"sceneViewState":{"showFog":true,"showMaterialUpdate":true,"showSkybox":true,"showFlares":true,"showImageEffects":true,"showParticleSystems":true},"in2DMode":false,"pivot":{"x":8.501766204833985,"y":2.9178669452667238,"z":3.754542589187622},"rotation":{"x":-0.20559510588645936,"y":0.7626845240592957,"z":-0.29069793224334719,"w":-0.540117084980011},"size":10.811494827270508,"orthographic":false}