{"cameraMode":{"drawMode":0,"name":"Shaded","section":"Shading Mode"},"sceneLighting":true,"audioPlay":false,"sceneViewState":{"showFog":true,"showMaterialUpdate":true,"showSkybox":true,"showFlares":true,"showImageEffects":true,"showParticleSystems":true},"in2DMode":false,"pivot":{"x":-8.989548683166504,"y":3.470818519592285,"z":-2.03859806060791},"rotation":{"x":-0.14680024981498719,"y":0.6610877513885498,"z":-0.1339055299758911,"w":-0.72368323802948},"size":10.405452728271485,"orthographic":false}