{"cameraMode":{"drawMode":0,"name":"Shaded","section":"Shading Mode"},"sceneLighting":true,"audioPlay":false,"sceneViewState":{"showFog":true,"showMaterialUpdate":true,"showSkybox":true,"showFlares":true,"showImageEffects":true,"showParticleSystems":true},"in2DMode":false,"pivot":{"x":8.774425506591797,"y":3.908036947250366,"z":-1.4206578731536866},"rotation":{"x":0.044533319771289828,"y":-0.888815701007843,"z":0.08926035463809967,"w":0.44773009419441225},"size":4.665927410125732,"orthographic":false}