{"cameraMode":{"drawMode":0,"name":"Shaded","section":"Shading Mode"},"sceneLighting":true,"audioPlay":false,"sceneViewState":{"showFog":false,"showMaterialUpdate":false,"showSkybox":false,"showFlares":false,"showImageEffects":false,"showParticleSystems":false},"in2DMode":false,"pivot":{"x":6.684863090515137,"y":3.2075862884521486,"z":-6.409092903137207},"rotation":{"x":-0.14434631168842317,"y":-0.7559959292411804,"z":0.17773357033729554,"w":-0.6133378744125366},"size":10.791237831115723,"orthographic":false}