{"cameraMode":{"drawMode":0,"name":"Shaded","section":"Shading Mode"},"sceneLighting":true,"audioPlay":false,"sceneViewState":{"showFog":true,"showMaterialUpdate":true,"showSkybox":true,"showFlares":true,"showImageEffects":true,"showParticleSystems":true},"in2DMode":false,"pivot":{"x":-1.0719032287597657,"y":-0.4788522720336914,"z":-6.434548377990723},"rotation":{"x":-0.1655944138765335,"y":0.8137776255607605,"z":-0.2791374623775482,"w":-0.4823523163795471},"size":15.56167221069336,"orthographic":false}