{"cameraMode":{"drawMode":0,"name":"Shaded","section":"Shading Mode"},"sceneLighting":true,"audioPlay":false,"sceneViewState":{"showFog":true,"showMaterialUpdate":true,"showSkybox":true,"showFlares":true,"showImageEffects":true,"showParticleSystems":true},"in2DMode":false,"pivot":{"x":-17.435245513916017,"y":-7.2175493240356449,"z":-7.508703231811523},"rotation":{"x":-0.14020630717277528,"y":-0.7795778512954712,"z":0.18838228285312653,"w":-0.5809454917907715},"size":5.096734523773193,"orthographic":false}