{"cameraMode":{"drawMode":0,"name":"Shaded","section":"Shading Mode"},"sceneLighting":true,"audioPlay":false,"sceneViewState":{"showFog":false,"showMaterialUpdate":false,"showSkybox":false,"showFlares":false,"showImageEffects":false,"showParticleSystems":false},"in2DMode":false,"pivot":{"x":-5.429305553436279,"y":6.041011810302734,"z":1.7969322204589844},"rotation":{"x":0.0645550861954689,"y":-0.8291733860969544,"z":0.09906692057847977,"w":0.5466744899749756},"size":10.353642463684082,"orthographic":false}