{"cameraMode":{"drawMode":0,"name":"Shaded","section":"Shading Mode"},"sceneLighting":true,"audioPlay":false,"sceneViewState":{"showFog":true,"showMaterialUpdate":true,"showSkybox":true,"showFlares":true,"showImageEffects":true,"showParticleSystems":true},"in2DMode":false,"pivot":{"x":12.311845779418946,"y":1.0307564735412598,"z":-7.569319725036621},"rotation":{"x":0.1282084584236145,"y":0.7944588661193848,"z":-0.18198223412036897,"w":0.5657235980033875},"size":7.909989356994629,"orthographic":false}