{"cameraMode":{"drawMode":0,"name":"Shaded","section":"Shading Mode"},"sceneLighting":true,"audioPlay":false,"sceneViewState":{"showFog":true,"showMaterialUpdate":true,"showSkybox":true,"showFlares":true,"showImageEffects":true,"showParticleSystems":true},"in2DMode":false,"pivot":{"x":14.728752136230469,"y":1.4496536254882813,"z":1.8133360147476197},"rotation":{"x":0.46882364153862,"y":0.5293893218040466,"z":-0.5189173221588135,"w":0.48126593232154848},"size":7.243616580963135,"orthographic":false}