{"cameraMode":{"drawMode":0,"name":"Shaded","section":"Shading Mode"},"sceneLighting":true,"audioPlay":false,"sceneViewState":{"showFog":true,"showMaterialUpdate":true,"showSkybox":true,"showFlares":true,"showImageEffects":true,"showParticleSystems":true},"in2DMode":false,"pivot":{"x":11.007881164550782,"y":-3.281060218811035,"z":6.268010139465332},"rotation":{"x":0.1619609296321869,"y":0.19255882501602174,"z":-0.03224215656518936,"w":0.9672960042953491},"size":12.534811019897461,"orthographic":false}