{"cameraMode":{"drawMode":0,"name":"Shaded","section":"Shading Mode"},"sceneLighting":false,"audioPlay":false,"sceneViewState":{"showFog":true,"showMaterialUpdate":true,"showSkybox":true,"showFlares":true,"showImageEffects":true,"showParticleSystems":true},"in2DMode":false,"pivot":{"x":7.517082214355469,"y":6.161225318908691,"z":-15.124824523925782},"rotation":{"x":0.1755080670118332,"y":-0.7952886819839478,"z":0.2724190652370453,"w":0.5124538540840149},"size":24.993886947631837,"orthographic":false}