{"cameraMode":{"drawMode":0,"name":"Shaded","section":"Shading Mode"},"sceneLighting":false,"audioPlay":false,"sceneViewState":{"showFog":true,"showMaterialUpdate":true,"showSkybox":true,"showFlares":true,"showImageEffects":true,"showParticleSystems":true},"in2DMode":false,"pivot":{"x":-0.46444159746170046,"y":-5.164703369140625,"z":-1.556193232536316},"rotation":{"x":0.44204846024513247,"y":-0.5543545484542847,"z":0.5431047677993774,"w":0.45040422677993777},"size":29.878711700439454,"orthographic":false}