{"cameraMode":{"drawMode":0,"name":"Shaded","section":"Shading Mode"},"sceneLighting":true,"audioPlay":false,"sceneViewState":{"showFog":false,"showMaterialUpdate":false,"showSkybox":false,"showFlares":false,"showImageEffects":false,"showParticleSystems":false},"in2DMode":false,"pivot":{"x":-13.701904296875,"y":-6.142698287963867,"z":-5.158367156982422},"rotation":{"x":0.04294146969914436,"y":0.5742380023002625,"z":-0.030167747288942338,"w":0.8170673847198486},"size":11.141133308410645,"orthographic":false}