{"cameraMode":{"drawMode":0,"name":"Shaded","section":"Shading Mode"},"sceneLighting":true,"audioPlay":false,"sceneViewState":{"showFog":true,"showMaterialUpdate":true,"showSkybox":true,"showFlares":true,"showImageEffects":true,"showParticleSystems":true},"in2DMode":false,"pivot":{"x":10.890347480773926,"y":3.422072410583496,"z":3.8385682106018068},"rotation":{"x":0.15006743371486665,"y":0.141793355345726,"z":-0.023333800956606866,"w":0.97857266664505},"size":2.816948890686035,"orthographic":false}