{"cameraMode":{"drawMode":0,"name":"Shaded","section":"Shading Mode"},"sceneLighting":true,"audioPlay":false,"sceneViewState":{"showFog":true,"showMaterialUpdate":true,"showSkybox":true,"showFlares":true,"showImageEffects":true,"showParticleSystems":true},"in2DMode":false,"pivot":{"x":9.414163589477539,"y":7.008915901184082,"z":1.1954519748687745},"rotation":{"x":0.46058809757232668,"y":0.14396511018276215,"z":-0.07180169969797135,"w":0.8738163709640503},"size":0.2131243348121643,"orthographic":false}