{"cameraMode":{"drawMode":0,"name":"Shaded","section":"Shading Mode"},"sceneLighting":false,"audioPlay":false,"sceneViewState":{"showFog":true,"showMaterialUpdate":true,"showSkybox":true,"showFlares":true,"showImageEffects":true,"showParticleSystems":true},"in2DMode":false,"pivot":{"x":78.18447875976563,"y":0.7733865976333618,"z":13.436782836914063},"rotation":{"x":0.10719718039035797,"y":0.010720502585172654,"z":-0.0012084182817488909,"w":0.9943079948425293},"size":12.159297943115235,"orthographic":false}