{"cameraMode":{"drawMode":0,"name":"Shaded","section":"Shading Mode"},"sceneLighting":false,"audioPlay":false,"sceneViewState":{"showFog":true,"showMaterialUpdate":true,"showSkybox":true,"showFlares":true,"showImageEffects":true,"showParticleSystems":true},"in2DMode":false,"pivot":{"x":-11.998339653015137,"y":-0.49076563119888308,"z":-7.571313858032227},"rotation":{"x":0.08737699687480927,"y":-0.7683634757995606,"z":0.10740326344966889,"w":0.6249016523361206},"size":8.404377937316895,"orthographic":false}