{"cameraMode":{"drawMode":0,"name":"Shaded","section":"Shading Mode"},"sceneLighting":true,"audioPlay":false,"sceneViewState":{"showFog":false,"showMaterialUpdate":false,"showSkybox":false,"showFlares":false,"showImageEffects":false,"showParticleSystems":false},"in2DMode":false,"pivot":{"x":6.312087535858154,"y":2.0000009536743166,"z":-9.44344425201416},"rotation":{"x":-0.228204607963562,"y":-0.4015689790248871,"z":0.10403423756361008,"w":-0.8808542490005493},"size":10.037899017333985,"orthographic":false}