{"cameraMode":{"drawMode":0,"name":"Shaded","section":"Shading Mode"},"sceneLighting":true,"audioPlay":false,"sceneViewState":{"showFog":true,"showMaterialUpdate":true,"showSkybox":true,"showFlares":true,"showImageEffects":true,"showParticleSystems":true},"in2DMode":false,"pivot":{"x":8.271900177001954,"y":1.7049150466918946,"z":-0.11620950698852539},"rotation":{"x":-0.2518256902694702,"y":-0.056894972920417789,"z":0.014741483144462109,"w":-0.9660340547561646},"size":14.444334983825684,"orthographic":false}