{"cameraMode":{"drawMode":0,"name":"Shaded","section":"Shading Mode"},"sceneLighting":true,"audioPlay":false,"sceneViewState":{"showFog":false,"showMaterialUpdate":false,"showSkybox":false,"showFlares":false,"showImageEffects":false,"showParticleSystems":false},"in2DMode":false,"pivot":{"x":20.986705780029298,"y":3.07456111907959,"z":-13.201375961303711},"rotation":{"x":0.10026206076145172,"y":0.6574670076370239,"z":-0.08758598566055298,"w":0.7418973445892334},"size":11.538114547729493,"orthographic":false}