{"cameraMode":{"drawMode":0,"name":"Shaded","section":"Shading Mode"},"sceneLighting":true,"audioPlay":false,"sceneViewState":{"showFog":true,"showMaterialUpdate":true,"showSkybox":true,"showFlares":true,"showImageEffects":true,"showParticleSystems":true},"in2DMode":false,"pivot":{"x":16.187213897705079,"y":0.7290406227111816,"z":-14.080692291259766},"rotation":{"x":0.04288560524582863,"y":0.9552379846572876,"z":-0.179354727268219,"w":0.23294727504253388},"size":8.369154930114746,"orthographic":false}