{"cameraMode":{"drawMode":0,"name":"Shaded","section":"Shading Mode"},"sceneLighting":false,"audioPlay":false,"sceneViewState":{"showFog":true,"showMaterialUpdate":true,"showSkybox":true,"showFlares":true,"showImageEffects":true,"showParticleSystems":true},"in2DMode":false,"pivot":{"x":-7.010478973388672,"y":0.8083229660987854,"z":-29.812835693359376},"rotation":{"x":0.37908074259757998,"y":-0.3991836607456207,"z":0.1859680861234665,"w":0.8139019012451172},"size":12.756611824035645,"orthographic":false}