{"cameraMode":{"drawMode":0,"name":"Shaded","section":"Shading Mode"},"sceneLighting":false,"audioPlay":false,"sceneViewState":{"showFog":true,"showMaterialUpdate":true,"showSkybox":true,"showFlares":true,"showImageEffects":true,"showParticleSystems":true},"in2DMode":false,"pivot":{"x":11.958612442016602,"y":1.8837860822677613,"z":34.07722473144531},"rotation":{"x":-0.09791579097509384,"y":0.8334063291549683,"z":-0.5212203860282898,"w":-0.15653793513774873},"size":7.206727027893066,"orthographic":false}