{"cameraMode":{"drawMode":0,"name":"Shaded","section":"Shading Mode"},"sceneLighting":true,"audioPlay":false,"sceneViewState":{"showFog":true,"showMaterialUpdate":true,"showSkybox":true,"showFlares":true,"showImageEffects":true,"showParticleSystems":true},"in2DMode":false,"pivot":{"x":3.526907205581665,"y":1.1448335647583008,"z":-9.951805114746094},"rotation":{"x":0.21822679042816163,"y":0.3481081426143646,"z":-0.08273669332265854,"w":0.9082000255584717},"size":4.772717475891113,"orthographic":false}