{"cameraMode":{"drawMode":0,"name":"Shaded","section":"Shading Mode"},"sceneLighting":true,"audioPlay":false,"sceneViewState":{"showFog":true,"showMaterialUpdate":true,"showSkybox":true,"showFlares":true,"showImageEffects":true,"showParticleSystems":true},"in2DMode":false,"pivot":{"x":-0.18114063143730164,"y":4.30515193939209,"z":3.467667579650879},"rotation":{"x":0.042428333312273028,"y":-0.837261974811554,"z":0.5412782430648804,"w":0.06570340692996979},"size":20.691286087036134,"orthographic":false}