{"cameraMode":{"drawMode":0,"name":"Shaded","section":"Shading Mode"},"sceneLighting":false,"audioPlay":false,"sceneViewState":{"showFog":false,"showMaterialUpdate":false,"showSkybox":false,"showFlares":false,"showImageEffects":false,"showParticleSystems":false},"in2DMode":false,"pivot":{"x":6.030515670776367,"y":3.530182361602783,"z":-3.4442741870880129},"rotation":{"x":-0.18633094429969788,"y":-0.8047983050346375,"z":0.32641148567199709,"w":-0.45941734313964846},"size":10.456319808959961,"orthographic":false}