{"cameraMode":{"drawMode":0,"name":"Shaded","section":"Shading Mode"},"sceneLighting":true,"audioPlay":false,"sceneViewState":{"showFog":false,"showMaterialUpdate":false,"showSkybox":false,"showFlares":false,"showImageEffects":false,"showParticleSystems":false},"in2DMode":false,"pivot":{"x":20.8142032623291,"y":12.958357810974121,"z":8.19368839263916},"rotation":{"x":0.23664864897727967,"y":-0.7392655611038208,"z":0.32539790868759158,"w":0.5403600931167603},"size":0.036394357681274417,"orthographic":false}