{"cameraMode":{"drawMode":0,"name":"Shaded","section":"Shading Mode"},"sceneLighting":false,"audioPlay":false,"sceneViewState":{"showFog":true,"showMaterialUpdate":true,"showSkybox":true,"showFlares":true,"showImageEffects":true,"showParticleSystems":true},"in2DMode":false,"pivot":{"x":20.109333038330079,"y":2.0306639671325685,"z":0.9173412322998047},"rotation":{"x":-0.1913517266511917,"y":-0.06093181297183037,"z":0.011784355156123639,"w":-0.9796193838119507},"size":9.871931076049805,"orthographic":false}