{"cameraMode":{"drawMode":0,"name":"Shaded","section":"Shading Mode"},"sceneLighting":true,"audioPlay":false,"sceneViewState":{"showFog":false,"showMaterialUpdate":false,"showSkybox":false,"showFlares":false,"showImageEffects":false,"showParticleSystems":false},"in2DMode":false,"pivot":{"x":-16.36295509338379,"y":-6.934554100036621,"z":-9.59872055053711},"rotation":{"x":0.03711278364062309,"y":0.12261205911636353,"z":-0.004543312359601259,"w":0.9917916059494019},"size":1.6238269805908204,"orthographic":false}