{"cameraMode":{"drawMode":0,"name":"Shaded","section":"Shading Mode"},"sceneLighting":true,"audioPlay":false,"sceneViewState":{"showFog":true,"showMaterialUpdate":true,"showSkybox":true,"showFlares":true,"showImageEffects":true,"showParticleSystems":true},"in2DMode":false,"pivot":{"x":-2.385948657989502,"y":-9.49522876739502,"z":-2.409971237182617},"rotation":{"x":-0.368319571018219,"y":-0.039457257837057117,"z":0.005927776452153921,"w":-0.930726945400238},"size":17.913192749023439,"orthographic":false}