{"cameraMode":{"drawMode":0,"name":"Shaded","section":"Shading Mode"},"sceneLighting":true,"audioPlay":false,"sceneViewState":{"showFog":true,"showMaterialUpdate":true,"showSkybox":true,"showFlares":true,"showImageEffects":true,"showParticleSystems":true},"in2DMode":false,"pivot":{"x":17.735538482666017,"y":6.51032829284668,"z":11.814096450805664},"rotation":{"x":-0.2057139128446579,"y":0.4277956485748291,"z":-0.10175781697034836,"w":-0.8745460510253906},"size":22.6590633392334,"orthographic":false}