{"cameraMode":{"drawMode":0,"name":"Shaded","section":"Shading Mode"},"sceneLighting":false,"audioPlay":false,"sceneViewState":{"showFog":true,"showMaterialUpdate":true,"showSkybox":true,"showFlares":true,"showImageEffects":true,"showParticleSystems":true},"in2DMode":false,"pivot":{"x":22.66323471069336,"y":0.5217595100402832,"z":8.182992935180664},"rotation":{"x":0.3434882164001465,"y":0.6381624341011047,"z":-0.38245663046836855,"w":0.5731790661811829},"size":8.098444938659668,"orthographic":false}