{"cameraMode":{"drawMode":0,"name":"Shaded","section":"Shading Mode"},"sceneLighting":true,"audioPlay":false,"sceneViewState":{"showFog":true,"showMaterialUpdate":true,"showSkybox":true,"showFlares":true,"showImageEffects":true,"showParticleSystems":true},"in2DMode":false,"pivot":{"x":6.465295791625977,"y":4.3901495933532719,"z":-0.21779251098632813},"rotation":{"x":-0.12702828645706178,"y":0.21629375219345094,"z":-0.028301917016506196,"w":-0.9677239656448364},"size":13.719391822814942,"orthographic":false}