{"cameraMode":{"drawMode":0,"name":"Shaded","section":"Shading Mode"},"sceneLighting":true,"audioPlay":false,"sceneViewState":{"showFog":true,"showMaterialUpdate":true,"showSkybox":true,"showFlares":true,"showImageEffects":true,"showParticleSystems":true},"in2DMode":false,"pivot":{"x":-11.328953742980957,"y":-1.8930306434631348,"z":-8.614860534667969},"rotation":{"x":0.08138813823461533,"y":-0.2468162477016449,"z":-0.0208195261657238,"w":-0.965498685836792},"size":8.882096290588379,"orthographic":false}