{"cameraMode":{"drawMode":0,"name":"Shaded","section":"Shading Mode"},"sceneLighting":true,"audioPlay":false,"sceneViewState":{"showFog":true,"showMaterialUpdate":true,"showSkybox":true,"showFlares":true,"showImageEffects":true,"showParticleSystems":true},"in2DMode":false,"pivot":{"x":-14.865747451782227,"y":0.5062770843505859,"z":-18.25834083557129},"rotation":{"x":-0.10087690502405167,"y":0.7528435587882996,"z":-0.11749996244907379,"w":-0.640561580657959},"size":7.984336853027344,"orthographic":false}