{"cameraMode":{"drawMode":0,"name":"Shaded","section":"Shading Mode"},"sceneLighting":true,"audioPlay":false,"sceneViewState":{"showFog":true,"showMaterialUpdate":true,"showSkybox":true,"showFlares":true,"showImageEffects":true,"showParticleSystems":true},"in2DMode":false,"pivot":{"x":13.744296073913575,"y":-5.900529861450195,"z":0.3049297332763672},"rotation":{"x":0.2972874641418457,"y":0.1971360296010971,"z":-0.05815984681248665,"w":0.9331756234169006},"size":20.65448570251465,"orthographic":false}