{"cameraMode":{"drawMode":0,"name":"Shaded","section":"Shading Mode"},"sceneLighting":true,"audioPlay":false,"sceneViewState":{"showFog":true,"showMaterialUpdate":true,"showSkybox":true,"showFlares":true,"showImageEffects":true,"showParticleSystems":true},"in2DMode":false,"pivot":{"x":9.203428268432618,"y":-2.479703426361084,"z":7.243417739868164},"rotation":{"x":0.14202044904232026,"y":0.1786150187253952,"z":-0.026064231991767885,"w":0.9732723832130432},"size":12.534811019897461,"orthographic":false}