{"cameraMode":{"drawMode":0,"name":"Shaded","section":"Shading Mode"},"sceneLighting":true,"audioPlay":false,"sceneViewState":{"showFog":true,"showMaterialUpdate":true,"showSkybox":true,"showFlares":true,"showImageEffects":true,"showParticleSystems":true},"in2DMode":false,"pivot":{"x":-8.989548683166504,"y":3.470818519592285,"z":-2.03859806060791},"rotation":{"x":-0.11280590295791626,"y":0.6825276613235474,"z":-0.10758831351995468,"w":-0.7142067551612854},"size":10.405452728271485,"orthographic":false}