{"cameraMode":{"drawMode":0,"name":"Shaded","section":"Shading Mode"},"sceneLighting":false,"audioPlay":false,"sceneViewState":{"showFog":true,"showMaterialUpdate":true,"showSkybox":true,"showFlares":true,"showImageEffects":true,"showParticleSystems":true},"in2DMode":false,"pivot":{"x":0.7831521034240723,"y":10.75700569152832,"z":-6.208640098571777},"rotation":{"x":0.10267382115125656,"y":-0.8702895641326904,"z":0.43596139550209048,"w":0.20496387779712678},"size":8.10567855834961,"orthographic":false}