{"cameraMode":{"drawMode":0,"name":"Shaded","section":"Shading Mode"},"sceneLighting":false,"audioPlay":false,"sceneViewState":{"showFog":true,"showMaterialUpdate":true,"showSkybox":true,"showFlares":true,"showImageEffects":true,"showParticleSystems":true},"in2DMode":false,"pivot":{"x":13.831090927124024,"y":4.1568121910095219,"z":-8.314093589782715},"rotation":{"x":-0.14846119284629823,"y":-0.3654175102710724,"z":0.059157297015190127,"w":-0.917030394077301},"size":3.924870491027832,"orthographic":false}