{"cameraMode":{"drawMode":0,"name":"Shaded","section":"Shading Mode"},"sceneLighting":true,"audioPlay":false,"sceneViewState":{"showFog":true,"showMaterialUpdate":true,"showSkybox":true,"showFlares":true,"showImageEffects":true,"showParticleSystems":true},"in2DMode":false,"pivot":{"x":4.355781555175781,"y":2.132889747619629,"z":-5.652528762817383},"rotation":{"x":-0.05774129927158356,"y":0.2810159921646118,"z":-0.018053065985441209,"w":-0.9580925703048706},"size":3.0198564529418947,"orthographic":false}