{"cameraMode":{"drawMode":0,"name":"Shaded","section":"Shading Mode"},"sceneLighting":false,"audioPlay":false,"sceneViewState":{"showFog":true,"showMaterialUpdate":true,"showSkybox":true,"showFlares":true,"showImageEffects":true,"showParticleSystems":true},"in2DMode":false,"pivot":{"x":-17.361827850341798,"y":-8.369060516357422,"z":-6.211490631103516},"rotation":{"x":-0.07419349998235703,"y":-0.667405903339386,"z":0.06594868749380112,"w":-0.7384588718414307},"size":4.032088279724121,"orthographic":false}