{"cameraMode":{"drawMode":0,"name":"Shaded","section":"Shading Mode"},"sceneLighting":false,"audioPlay":false,"sceneViewState":{"showFog":true,"showMaterialUpdate":true,"showSkybox":true,"showFlares":true,"showImageEffects":true,"showParticleSystems":true},"in2DMode":false,"pivot":{"x":1.936652660369873,"y":-2.2378692626953127,"z":-5.151904582977295},"rotation":{"x":-0.3804614245891571,"y":0.5835452675819397,"z":-0.3553623855113983,"w":-0.6234089136123657},"size":13.653433799743653,"orthographic":false}