{"cameraMode":{"drawMode":0,"name":"Shaded","section":"Shading Mode"},"sceneLighting":true,"audioPlay":false,"sceneViewState":{"showFog":true,"showMaterialUpdate":true,"showSkybox":true,"showFlares":true,"showImageEffects":true,"showParticleSystems":true},"in2DMode":false,"pivot":{"x":-0.4903283715248108,"y":2.5992236137390138,"z":-9.409456253051758},"rotation":{"x":-0.2970447540283203,"y":-0.013974515721201897,"z":0.0031505159568041565,"w":-0.9551348090171814},"size":2.4633846282958986,"orthographic":false}