{"cameraMode":{"drawMode":0,"name":"Shaded","section":"Shading Mode"},"sceneLighting":false,"audioPlay":false,"sceneViewState":{"showFog":true,"showMaterialUpdate":true,"showSkybox":true,"showFlares":true,"showImageEffects":true,"showParticleSystems":true},"in2DMode":false,"pivot":{"x":-2.6305694580078127,"y":8.713240623474121,"z":11.819929122924805},"rotation":{"x":0.12262313812971115,"y":-0.8631436228752136,"z":0.4202074110507965,"w":0.2523644268512726},"size":18.999526977539064,"orthographic":false}