{"cameraMode":{"drawMode":0,"name":"Shaded","section":"Shading Mode"},"sceneLighting":true,"audioPlay":false,"sceneViewState":{"showFog":true,"showMaterialUpdate":true,"showSkybox":true,"showFlares":true,"showImageEffects":true,"showParticleSystems":true},"in2DMode":false,"pivot":{"x":6.536914348602295,"y":-4.424806594848633,"z":-3.698366165161133},"rotation":{"x":0.27953723073005679,"y":0.22007183730602265,"z":-0.06527891010046005,"w":0.9328081011772156},"size":12.598518371582032,"orthographic":false}