{"cameraMode":{"drawMode":0,"name":"Shaded","section":"Shading Mode"},"sceneLighting":false,"audioPlay":false,"sceneViewState":{"showFog":true,"showMaterialUpdate":true,"showSkybox":true,"showFlares":true,"showImageEffects":true,"showParticleSystems":true},"in2DMode":false,"pivot":{"x":298.6213684082031,"y":310.85784912109377,"z":-30.56858253479004},"rotation":{"x":-0.06381615996360779,"y":-0.035013649612665179,"z":0.002249712124466896,"w":-0.9973728060722351},"size":721.8331909179688,"orthographic":false}