{"cameraMode":{"drawMode":0,"name":"Shaded","section":"Shading Mode"},"sceneLighting":true,"audioPlay":false,"sceneViewState":{"showFog":true,"showMaterialUpdate":true,"showSkybox":true,"showFlares":true,"showImageEffects":true,"showParticleSystems":true},"in2DMode":false,"pivot":{"x":-3.4678096771240236,"y":-10.562846183776856,"z":-3.770479202270508},"rotation":{"x":0.28410810232162478,"y":-0.650946855545044,"z":0.28789180517196658,"w":0.6424112915992737},"size":18.154569625854493,"orthographic":false}