{"cameraMode":{"drawMode":0,"name":"Shaded","section":"Shading Mode"},"sceneLighting":true,"audioPlay":false,"sceneViewState":{"showFog":false,"showMaterialUpdate":false,"showSkybox":false,"showFlares":false,"showImageEffects":false,"showParticleSystems":false},"in2DMode":false,"pivot":{"x":-24.304712295532228,"y":-12.491470336914063,"z":-1.4589693546295167},"rotation":{"x":0.10719817876815796,"y":-0.6178068518638611,"z":0.08543470501899719,"w":0.7743901014328003},"size":7.719770431518555,"orthographic":false}