{"cameraMode":{"drawMode":0,"name":"Shaded","section":"Shading Mode"},"sceneLighting":false,"audioPlay":false,"sceneViewState":{"showFog":true,"showMaterialUpdate":true,"showSkybox":true,"showFlares":true,"showImageEffects":true,"showParticleSystems":true},"in2DMode":false,"pivot":{"x":7.70078182220459,"y":-6.921477317810059,"z":-3.3857245445251467},"rotation":{"x":-0.5372029542922974,"y":0.07140500843524933,"z":-0.04575766250491142,"w":-0.8392310738563538},"size":5.948969841003418,"orthographic":false}