{"cameraMode":{"drawMode":0,"name":"Shaded","section":"Shading Mode"},"sceneLighting":true,"audioPlay":false,"sceneViewState":{"showFog":false,"showMaterialUpdate":false,"showSkybox":false,"showFlares":false,"showImageEffects":false,"showParticleSystems":false},"in2DMode":false,"pivot":{"x":-19.06931495666504,"y":-7.556797027587891,"z":-6.788113117218018},"rotation":{"x":0.10805006325244904,"y":0.49986523389816286,"z":-0.06299296766519547,"w":0.8570490479469299},"size":3.123826742172241,"orthographic":false}