{"cameraMode":{"drawMode":0,"name":"Shaded","section":"Shading Mode"},"sceneLighting":true,"audioPlay":false,"sceneViewState":{"showFog":true,"showMaterialUpdate":true,"showSkybox":true,"showFlares":true,"showImageEffects":true,"showParticleSystems":true},"in2DMode":false,"pivot":{"x":-13.061281204223633,"y":-8.607017517089844,"z":-8.031993865966797},"rotation":{"x":0.14531897008419038,"y":0.8166121244430542,"z":-0.23394444584846497,"w":0.5073192715644836},"size":10.644121170043946,"orthographic":false}