{"cameraMode":{"drawMode":0,"name":"Shaded","section":"Shading Mode"},"sceneLighting":false,"audioPlay":false,"sceneViewState":{"showFog":true,"showMaterialUpdate":true,"showSkybox":true,"showFlares":true,"showImageEffects":true,"showParticleSystems":true},"in2DMode":false,"pivot":{"x":-6.3269124031066898,"y":3.3154568672180177,"z":-5.261293411254883},"rotation":{"x":-0.21029238402843476,"y":0.771454393863678,"z":-0.31874310970306399,"w":-0.5089681148529053},"size":6.253264427185059,"orthographic":false}