{"cameraMode":{"drawMode":0,"name":"Shaded","section":"Shading Mode"},"sceneLighting":true,"audioPlay":false,"sceneViewState":{"showFog":false,"showMaterialUpdate":false,"showSkybox":false,"showFlares":false,"showImageEffects":false,"showParticleSystems":false},"in2DMode":false,"pivot":{"x":15.043319702148438,"y":2.2566404342651369,"z":-0.10068321228027344},"rotation":{"x":-0.11673451215028763,"y":-0.41678524017333987,"z":0.05406034365296364,"w":-0.8998855948448181},"size":13.665433883666993,"orthographic":false}