{"cameraMode":{"drawMode":0,"name":"Shaded","section":"Shading Mode"},"sceneLighting":true,"audioPlay":false,"sceneViewState":{"showFog":true,"showMaterialUpdate":true,"showSkybox":true,"showFlares":true,"showImageEffects":true,"showParticleSystems":true},"in2DMode":false,"pivot":{"x":16.48882293701172,"y":-3.131559371948242,"z":-0.7278690338134766},"rotation":{"x":-0.3916151821613312,"y":-0.2670312821865082,"z":0.1216956302523613,"w":-0.872474193572998},"size":12.780046463012696,"orthographic":false}