{"cameraMode":{"drawMode":0,"name":"Shaded","section":"Shading Mode"},"sceneLighting":false,"audioPlay":false,"sceneViewState":{"showFog":true,"showMaterialUpdate":true,"showSkybox":true,"showFlares":true,"showImageEffects":true,"showParticleSystems":true},"in2DMode":false,"pivot":{"x":-17.29581069946289,"y":-6.242827892303467,"z":-17.42609977722168},"rotation":{"x":-0.1724182367324829,"y":0.747783362865448,"z":-0.21547764539718629,"w":-0.6043763160705566},"size":23.820682525634767,"orthographic":false}