{"cameraMode":{"drawMode":0,"name":"Shaded","section":"Shading Mode"},"sceneLighting":false,"audioPlay":false,"sceneViewState":{"showFog":true,"showMaterialUpdate":true,"showSkybox":true,"showFlares":true,"showImageEffects":true,"showParticleSystems":true},"in2DMode":false,"pivot":{"x":-3.8344993591308595,"y":3.0648772716522219,"z":-0.6015331745147705},"rotation":{"x":0.027093060314655305,"y":-0.7631522417068481,"z":0.03208191320300102,"w":0.6450356245040894},"size":9.172404289245606,"orthographic":false}