{"cameraMode":{"drawMode":0,"name":"Shaded","section":"Shading Mode"},"sceneLighting":true,"audioPlay":false,"sceneViewState":{"showFog":false,"showMaterialUpdate":false,"showSkybox":false,"showFlares":false,"showImageEffects":false,"showParticleSystems":false},"in2DMode":false,"pivot":{"x":-0.08006668090820313,"y":8.100467681884766,"z":-11.795281410217286},"rotation":{"x":0.15615326166152955,"y":0.3359151780605316,"z":-0.055636946111917499,"w":0.9274407029151917},"size":7.001140117645264,"orthographic":false}