{"cameraMode":{"drawMode":0,"name":"Shaded","section":"Shading Mode"},"sceneLighting":false,"audioPlay":false,"sceneViewState":{"showFog":true,"showMaterialUpdate":true,"showSkybox":true,"showFlares":true,"showImageEffects":true,"showParticleSystems":true},"in2DMode":false,"pivot":{"x":1.5104470252990723,"y":-0.11579646170139313,"z":-23.04506492614746},"rotation":{"x":0.02596057765185833,"y":0.9564892649650574,"z":-0.2764902710914612,"w":0.08979964256286621},"size":9.180683135986329,"orthographic":false}