{"cameraMode":{"drawMode":0,"name":"Shaded","section":"Shading Mode"},"sceneLighting":true,"audioPlay":false,"sceneViewState":{"showFog":true,"showMaterialUpdate":true,"showSkybox":true,"showFlares":true,"showImageEffects":true,"showParticleSystems":true},"in2DMode":false,"pivot":{"x":-16.32135581970215,"y":-5.234356880187988,"z":8.72219181060791},"rotation":{"x":0.007319854572415352,"y":0.14189521968364716,"z":-0.0010712940711528063,"w":0.9899156093597412},"size":10.340357780456543,"orthographic":false}